{
  "src/window_state.rs": 1773595141.0762274,
  "src/main.rs": 1773602567.8191812,
  "src/logger.rs": 1773595141.1286705,
  "src/app.rs": 1773595141.1290696,
  "src/features/mod.rs": 1773595141.0847182,
  "src/features/logs/file_ops.rs": 1773595141.0768824,
  "src/features/logs/log_level.rs": 1773595141.0781364,
  "src/features/logs/ui_state.rs": 1773595141.0787919,
  "src/features/logs/filter_state.rs": 1773595141.079031,
  "src/features/logs/viewer.rs": 1773595141.0792575,
  "src/features/logs/export.rs": 1773595141.0794873,
  "src/features/logs/watcher.rs": 1773595141.079704,
  "src/features/logs/mod.rs": 1773602944.9224522,
  "src/features/logs/level_filters.rs": 1773595141.0800898,
  "src/features/logs/parser.rs": 1773595141.0811794,
  "src/features/logs/cli.rs": 1773595141.082127,
  "src/features/logs/log_entry.rs": 1773595141.0828817,
  "src/linux_terminal/link.rs": 1773595141.0867505,
  "src/linux_terminal/left_pane.rs": 1774463802.3727796,
  "src/linux_terminal/logr.rs": 1773604287.6720908,
  "src/linux_terminal/persist.rs": 1773602789.0403128,
  "src/linux_terminal/style.rs": 1774464997.1056514,
  "src/linux_terminal/folder.rs": 1774455851.5741804,
  "src/linux_terminal/profile.rs": 1773602944.9234524,
  "src/linux_terminal/mux.rs": 1774378173.8409595,
  "src/linux_terminal/shell.rs": 1774379828.9376388,
  "src/linux_terminal/runtime.rs": 1773595141.1111407,
  "src/linux_terminal/meta.rs": 1773595141.1182792,
  "src/linux_terminal/session.rs": 1774378311.084057,
  "src/linux_terminal/mod.rs": 1774467149.4978962,
  "src/linux_terminal/settings.rs": 1773602567.8231814,
  "src/linux_terminal/terminal.rs": 1773595141.1196024,
  "src/linux_terminal/right_pane.rs": 1774466601.018919,
  "src/linux_terminal/tab.rs": 1774378184.3083444,
  "src/linux_terminal/header.rs": 1774378226.1388893,
  "src/linux_terminal/workspace/ops.rs": 1773595141.0957026,
  "src/linux_terminal/workspace/tab_strip.rs": 1773595141.0965006,
  "src/linux_terminal/workspace/switcher.rs": 1773595141.0968804,
  "src/linux_terminal/workspace/mod.rs": 1774378197.0668144,
  "src/linux_terminal/web/browser.rs": 1773595141.0988803,
  "src/linux_terminal/web/persist.rs": 1773595141.09988,
  "src/linux_terminal/web/navigation.rs": 1773595141.101124,
  "src/linux_terminal/web/mod.rs": 1773595141.1020167,
  "src/linux_terminal/web/tabs.rs": 1773595141.1028798,
  "src/linux_terminal/web/host.rs": 1773595141.1040878,
  "src/linux_terminal/input/inspector.rs": 1774378273.9276667,
  "src/linux_terminal/input/prompt.rs": 1773595141.1059983,
  "src/linux_terminal/input/status.rs": 1773595141.1071022,
  "src/linux_terminal/input/mod.rs": 1774379814.4150589,
  "src/linux_terminal/input/history.rs": 1773595141.109154,
  "src/linux_terminal/view/editor.rs": 1773595141.1118789,
  "src/linux_terminal/view/docx.rs": 1773595141.1136582,
  "src/linux_terminal/view/preview.rs": 1773595141.1148787,
  "src/linux_terminal/view/ui.rs": 1773595141.1156695,
  "src/linux_terminal/view/files.rs": 1774463975.0837,
  "src/linux_terminal/view/mod.rs": 1774464273.9516752,
  "src/linux_terminal/view/code.rs": 1773634633.9182703,
  "src/linux_terminal/view/host.rs": 1774464101.8657799,
  "src/linux_terminal/notes/mod.rs": 1775906864.6166306,
  "src/linux_terminal/notes/host.rs": 1773786397.7482271,
  "src/linux_terminal/setup/checkpoint.rs": 1773595141.1198604,
  "src/linux_terminal/setup/controls.rs": 1773595151.4176116,
  "src/linux_terminal/setup/mod.rs": 1773595141.1205826,
  "src/linux_terminal/settings/about.rs": 1773595141.12128,
  "src/linux_terminal/settings/sections.rs": 1773595141.1215382,
  "src/linux_terminal/settings/page.rs": 1773595141.1217628,
  "src/linux_terminal/settings/browser.rs": 1773595141.1219668,
  "src/linux_terminal/settings/widgets.rs": 1773595141.1221983,
  "src/linux_terminal/settings/terminal.rs": 1773595141.1224496,
  "src/linux_terminal/agent/mod.rs": 1774467149.4998963,
  "src/linux_terminal/agent/host.rs": 1774466601.0129187,
  "src/linux_terminal/git/graph.rs": 1773595141.1233675,
  "src/linux_terminal/git/branches.rs": 1773595141.1238742,
  "src/linux_terminal/git/diff.rs": 1773598514.2689261,
  "src/linux_terminal/git/ops.rs": 1773602764.9342086,
  "src/linux_terminal/git/stash.rs": 1773595141.1259344,
  "src/linux_terminal/git/mod.rs": 1773602739.8940618,
  "src/linux_terminal/git/search.rs": 1773595141.127027,
  "src/linux_terminal/git/staging.rs": 1773595141.1274686,
  "src/linux_terminal/git/patch.rs": 1773598083.8013115,
  "src/linux_terminal/git/host.rs": 1773595141.1281774,
  "src/agent/actions.rs": 1773786655.6139398,
  "src/agent/effects.rs": 1774466350.6988888,
  "src/agent/model.rs": 1773627317.638943,
  "src/agent/context.rs": 1773615706.6397858,
  "src/agent/observer.rs": 1773613925.7272744,
  "src/agent/memory.rs": 1773603121.3125312,
  "src/agent/mod.rs": 1773615731.2695518,
  "src/agent/executor.rs": 1774468580.8711119,
  "src/ui/layout.rs": 1773595141.129312,
  "src/ui/titlebar.rs": 1773595141.1296194,
  "src/ui/mod.rs": 1773595141.129865,
  "src/ui/theme.rs": 1773595141.1300497,
  "src/renderer/dock.rs": 1773595141.1302793,
  "src/renderer/font.rs": 1773595141.1305163,
  "src/renderer/mod.rs": 1773595141.1307344,
  "src/renderer/canvas.rs": 1773595141.1311123,
  "README.md": 1775901205.7309008,
  "CHANGELOG.md": 1773498668.498365,
  "AGENTS.md": 1775904780.683727,
  "CLAUDE.md": 1775902420.214528,
  "idea.md": 1773489055.7328975,
  "docs/LINUX_BUNDLE_PACK.md": 1773595380.5564146,
  "docs/WEBVIEW_INSTALL_PACK.md": 1773595241.294696,
  "docs/FEATURES.md": 1773595241.2806957,
  "docs/TERMINAL_WORKSPACE_GUIDE.md": 1773595241.2916927,
  "assets/icon.png": 1773246044.4213781,
  "assets/icon_64.png": 1773599388.3263066,
  "assets/icons/hicolor/512x512/apps/io.magma.terminal.png": 1773599389.0969908,
  "assets/icons/hicolor/48x48/apps/io.magma.terminal.png": 1773599387.7753341,
  "assets/icons/hicolor/256x256/apps/io.magma.terminal.png": 1773599388.739586,
  "assets/icons/hicolor/128x128/apps/io.magma.terminal.png": 1773599388.533296,
  "assets/icons/hicolor/64x64/apps/io.magma.terminal.png": 1773599388.06032,
  "docs/screenshots/file-view.png": 1773500172.111427,
  "docs/screenshots/live-logr.png": 1773500172.1094859,
  "docs/screenshots/about-page.png": 1773500172.1156945,
  "docs/screenshots/main-terminal.png": 1773500172.1041882,
  "docs/screenshots/image-view.png": 1773500172.1134272,
  "docs/screenshots/web-view.png": 1773500172.106427
}